country_code,country_name,year,value
AGO,Angola,2000,52.0
AGO,Angola,2008,42.7
AGO,Angola,2018,51.3
ALB,Albania,1996,27.0
ALB,Albania,2002,31.7
ALB,Albania,2005,30.6
ALB,Albania,2008,30.0
ALB,Albania,2012,29.0
ALB,Albania,2014,34.6
ALB,Albania,2015,32.8
ALB,Albania,2016,33.7
ALB,Albania,2017,33.1
ALB,Albania,2018,30.1
ALB,Albania,2019,30.8
ARE,United Arab Emirates,2013,32.5
ARE,United Arab Emirates,2014,32.5
ARE,United Arab Emirates,2018,26.0
ARG,Argentina,1980,40.8
ARG,Argentina,1986,42.8
ARG,Argentina,1987,45.3
ARG,Argentina,1991,46.8
ARG,Argentina,1992,45.5
ARG,Argentina,1993,44.9
ARG,Argentina,1994,45.9
ARG,Argentina,1995,48.9
ARG,Argentina,1996,49.5
ARG,Argentina,1997,49.1
ARG,Argentina,1998,50.7
ARG,Argentina,1999,49.8
ARG,Argentina,2000,51.1
ARG,Argentina,2001,53.3
ARG,Argentina,2002,53.8
ARG,Argentina,2003,50.9
ARG,Argentina,2004,48.4
ARG,Argentina,2005,47.7
ARG,Argentina,2006,46.3
ARG,Argentina,2007,46.2
ARG,Argentina,2008,44.9
ARG,Argentina,2009,43.7
ARG,Argentina,2010,43.6
ARG,Argentina,2011,42.6
ARG,Argentina,2012,41.3
ARG,Argentina,2013,40.9
ARG,Argentina,2014,41.6
ARG,Argentina,2016,42.0
ARG,Argentina,2017,41.1
ARG,Argentina,2018,41.3
ARG,Argentina,2019,42.9
ARG,Argentina,2020,42.3
ARM,Armenia,1999,36.2
ARM,Armenia,2001,35.4
ARM,Armenia,2002,34.8
ARM,Armenia,2003,33.0
ARM,Armenia,2004,37.5
ARM,Armenia,2005,36.0
ARM,Armenia,2006,29.7
ARM,Armenia,2007,31.2
ARM,Armenia,2008,29.2
ARM,Armenia,2009,28.0
ARM,Armenia,2010,30.0
ARM,Armenia,2011,29.4
ARM,Armenia,2012,29.6
ARM,Armenia,2013,30.6
ARM,Armenia,2014,31.5
ARM,Armenia,2015,32.4
ARM,Armenia,2016,32.5
ARM,Armenia,2017,33.6
ARM,Armenia,2018,34.4
ARM,Armenia,2019,29.9
ARM,Armenia,2020,25.2
AUS,Australia,1981,31.3
AUS,Australia,1985,32.5
AUS,Australia,1989,33.2
AUS,Australia,1995,32.6
AUS,Australia,2001,33.5
AUS,Australia,2003,33.5
AUS,Australia,2004,33.1
AUS,Australia,2008,35.4
AUS,Australia,2010,34.7
AUS,Australia,2014,34.4
AUS,Australia,2016,33.7
AUS,Australia,2018,34.3
AUT,Austria,1987,23.0
AUT,Austria,1994,31.3
AUT,Austria,1995,31.1
AUT,Austria,1997,30.2
AUT,Austria,2000,28.8
AUT,Austria,2003,29.5
AUT,Austria,2004,29.8
AUT,Austria,2005,28.7
AUT,Austria,2006,29.6
AUT,Austria,2007,30.6
AUT,Austria,2008,30.4
AUT,Austria,2009,31.5
AUT,Austria,2010,30.3
AUT,Austria,2011,30.8
AUT,Austria,2012,30.5
AUT,Austria,2013,30.8
AUT,Austria,2014,30.5
AUT,Austria,2015,30.5
AUT,Austria,2016,30.8
AUT,Austria,2017,29.7
AUT,Austria,2018,30.8
AUT,Austria,2019,30.2
AZE,Azerbaijan,1995,34.7
AZE,Azerbaijan,2001,36.5
AZE,Azerbaijan,2002,25.3
AZE,Azerbaijan,2003,26.8
AZE,Azerbaijan,2004,26.6
AZE,Azerbaijan,2005,26.6
BDI,Burundi,1992,33.3
BDI,Burundi,1998,42.3
BDI,Burundi,2006,33.4
BDI,Burundi,2013,38.6
BEL,Belgium,1985,25.2
BEL,Belgium,1988,25.7
BEL,Belgium,1992,25.0
BEL,Belgium,1995,28.4
BEL,Belgium,1997,26.8
BEL,Belgium,2000,33.1
BEL,Belgium,2003,28.1
BEL,Belgium,2004,30.5
BEL,Belgium,2005,29.3
BEL,Belgium,2006,28.1
BEL,Belgium,2007,29.2
BEL,Belgium,2008,28.4
BEL,Belgium,2009,28.6
BEL,Belgium,2010,28.4
BEL,Belgium,2011,28.1
BEL,Belgium,2012,27.5
BEL,Belgium,2013,27.7
BEL,Belgium,2014,28.1
BEL,Belgium,2015,27.7
BEL,Belgium,2016,27.6
BEL,Belgium,2017,27.4
BEL,Belgium,2018,27.2
BEL,Belgium,2019,27.2
BEN,Benin,2003,38.6
BEN,Benin,2011,43.4
BEN,Benin,2015,47.8
BEN,Benin,2018,37.8
BFA,Burkina Faso,1994,48.1
BFA,Burkina Faso,1998,49.9
BFA,Burkina Faso,2003,43.3
BFA,Burkina Faso,2009,39.8
BFA,Burkina Faso,2014,35.3
BFA,Burkina Faso,2018,47.3
BGD,Bangladesh,1983,25.9
BGD,Bangladesh,1985,26.9
BGD,Bangladesh,1988,28.8
BGD,Bangladesh,1991,27.6
BGD,Bangladesh,1995,32.9
BGD,Bangladesh,2000,33.4
BGD,Bangladesh,2005,33.2
BGD,Bangladesh,2010,32.1
BGD,Bangladesh,2016,32.4
BGR,Bulgaria,1992,30.7
BGR,Bulgaria,2006,35.7
BGR,Bulgaria,2007,36.1
BGR,Bulgaria,2008,33.6
BGR,Bulgaria,2009,33.8
BGR,Bulgaria,2010,35.7
BGR,Bulgaria,2011,34.3
BGR,Bulgaria,2012,36.0
BGR,Bulgaria,2013,36.6
BGR,Bulgaria,2014,37.4
BGR,Bulgaria,2015,38.6
BGR,Bulgaria,2016,40.6
BGR,Bulgaria,2017,40.4
BGR,Bulgaria,2018,41.3
BGR,Bulgaria,2019,40.3
BIH,Bosnia and Herzegovina,2001,30.0
BIH,Bosnia and Herzegovina,2004,34.0
BIH,Bosnia and Herzegovina,2007,33.1
BIH,Bosnia and Herzegovina,2011,33.0
BLR,Belarus,1998,32.0
BLR,Belarus,1999,31.7
BLR,Belarus,2000,31.2
BLR,Belarus,2001,30.6
BLR,Belarus,2002,30.3
BLR,Belarus,2003,28.8
BLR,Belarus,2004,26.5
BLR,Belarus,2005,27.6
BLR,Belarus,2006,28.3
BLR,Belarus,2007,29.6
BLR,Belarus,2008,27.8
BLR,Belarus,2009,27.7
BLR,Belarus,2010,28.6
BLR,Belarus,2011,27.2
BLR,Belarus,2012,26.5
BLR,Belarus,2013,26.6
BLR,Belarus,2014,27.2
BLR,Belarus,2015,25.6
BLR,Belarus,2016,25.3
BLR,Belarus,2017,25.4
BLR,Belarus,2018,25.2
BLR,Belarus,2019,25.3
BLR,Belarus,2020,24.4
BLZ,Belize,1993,60.3
BLZ,Belize,1994,60.9
BLZ,Belize,1996,56.6
BLZ,Belize,1997,60.4
BLZ,Belize,1998,54.9
BLZ,Belize,1999,53.3
BOL,Bolivia,1992,49.1
BOL,Bolivia,1997,58.2
BOL,Bolivia,1999,58.1
BOL,Bolivia,2000,61.6
BOL,Bolivia,2001,57.4
BOL,Bolivia,2002,59.3
BOL,Bolivia,2004,55.0
BOL,Bolivia,2005,58.5
BOL,Bolivia,2006,56.7
BOL,Bolivia,2007,54.5
BOL,Bolivia,2008,50.8
BOL,Bolivia,2009,49.2
BOL,Bolivia,2011,46.1
BOL,Bolivia,2012,46.6
BOL,Bolivia,2013,47.6
BOL,Bolivia,2014,47.8
BOL,Bolivia,2015,46.7
BOL,Bolivia,2016,45.3
BOL,Bolivia,2017,44.6
BOL,Bolivia,2018,42.6
BOL,Bolivia,2019,41.6
BOL,Bolivia,2020,43.6
BRA,Brazil,1981,57.9
BRA,Brazil,1982,58.4
BRA,Brazil,1983,59.0
BRA,Brazil,1984,58.4
BRA,Brazil,1985,55.6
BRA,Brazil,1986,58.5
BRA,Brazil,1987,59.7
BRA,Brazil,1988,61.4
BRA,Brazil,1989,63.3
BRA,Brazil,1990,60.5
BRA,Brazil,1992,53.2
BRA,Brazil,1993,60.1
BRA,Brazil,1995,59.6
BRA,Brazil,1996,59.9
BRA,Brazil,1997,59.8
BRA,Brazil,1998,59.6
BRA,Brazil,1999,59.0
BRA,Brazil,2001,58.4
BRA,Brazil,2002,58.1
BRA,Brazil,2003,57.6
BRA,Brazil,2004,56.5
BRA,Brazil,2005,56.3
BRA,Brazil,2006,55.6
BRA,Brazil,2007,54.9
BRA,Brazil,2008,54.0
BRA,Brazil,2009,53.7
BRA,Brazil,2011,52.9
BRA,Brazil,2012,53.4
BRA,Brazil,2013,52.7
BRA,Brazil,2014,52.0
BRA,Brazil,2015,51.9
BRA,Brazil,2016,53.3
BRA,Brazil,2017,53.3
BRA,Brazil,2018,53.9
BRA,Brazil,2019,53.5
BRA,Brazil,2020,48.9
BTN,Bhutan,2003,40.9
BTN,Bhutan,2007,38.1
BTN,Bhutan,2012,38.8
BTN,Bhutan,2017,37.4
BWA,Botswana,1985,54.2
BWA,Botswana,1993,60.8
BWA,Botswana,2002,64.7
BWA,Botswana,2009,60.5
BWA,Botswana,2015,53.3
CAF,Central African Republic,1992,61.3
CAF,Central African Republic,2003,43.6
CAF,Central African Republic,2008,56.2
CAN,Canada,1971,37.3
CAN,Canada,1975,33.3
CAN,Canada,1981,32.4
CAN,Canada,1987,31.5
CAN,Canada,1991,31.0
CAN,Canada,1994,31.3
CAN,Canada,1997,31.6
CAN,Canada,1998,33.2
CAN,Canada,2000,33.3
CAN,Canada,2004,33.7
CAN,Canada,2007,33.8
CAN,Canada,2010,33.6
CAN,Canada,2012,33.5
CAN,Canada,2013,33.8
CAN,Canada,2014,33.2
CAN,Canada,2015,33.7
CAN,Canada,2016,32.7
CAN,Canada,2017,33.3
CHE,Switzerland,1982,36.0
CHE,Switzerland,1992,33.9
CHE,Switzerland,2000,33.4
CHE,Switzerland,2002,31.7
CHE,Switzerland,2006,33.9
CHE,Switzerland,2007,34.3
CHE,Switzerland,2008,33.8
CHE,Switzerland,2009,32.9
CHE,Switzerland,2010,32.6
CHE,Switzerland,2011,31.7
CHE,Switzerland,2012,31.6
CHE,Switzerland,2013,32.5
CHE,Switzerland,2014,32.5
CHE,Switzerland,2015,32.3
CHE,Switzerland,2016,33.0
CHE,Switzerland,2017,32.7
CHE,Switzerland,2018,33.1
CHL,Chile,1987,56.2
CHL,Chile,1990,57.2
CHL,Chile,1992,54.8
CHL,Chile,1994,56.4
CHL,Chile,1996,54.9
CHL,Chile,1998,55.5
CHL,Chile,2000,52.8
CHL,Chile,2003,51.5
CHL,Chile,2006,47.3
CHL,Chile,2009,47.0
CHL,Chile,2011,46.0
CHL,Chile,2013,45.8
CHL,Chile,2015,44.4
CHL,Chile,2017,44.4
CHL,Chile,2020,44.9
CHN,China,1990,32.2
CHN,China,1993,33.9
CHN,China,1996,35.2
CHN,China,1999,38.7
CHN,China,2002,42.0
CHN,China,2005,40.9
CHN,China,2008,43.0
CHN,China,2010,43.7
CHN,China,2011,42.4
CHN,China,2012,42.2
CHN,China,2013,39.7
CHN,China,2014,39.2
CHN,China,2015,38.6
CHN,China,2016,38.5
CHN,China,2017,39.1
CHN,China,2018,38.5
CHN,China,2019,38.2
CIV,Cote d'Ivoire,1985,45.5
CIV,Cote d'Ivoire,1986,38.0
CIV,Cote d'Ivoire,1987,40.5
CIV,Cote d'Ivoire,1988,36.9
CIV,Cote d'Ivoire,1992,39.4
CIV,Cote d'Ivoire,1995,40.6
CIV,Cote d'Ivoire,1998,39.0
CIV,Cote d'Ivoire,2002,41.3
CIV,Cote d'Ivoire,2008,43.2
CIV,Cote d'Ivoire,2015,41.5
CIV,Cote d'Ivoire,2018,37.2
CMR,Cameroon,1996,44.4
CMR,Cameroon,2001,42.1
CMR,Cameroon,2007,42.8
CMR,Cameroon,2014,46.6
COD,"Congo, Dem. Rep.",2004,42.2
COD,"Congo, Dem. Rep.",2012,42.1
COG,"Congo, Rep.",2005,47.3
COG,"Congo, Rep.",2011,48.9
COL,Colombia,1992,51.5
COL,Colombia,1996,56.9
COL,Colombia,1999,58.7
COL,Colombia,2000,58.7
COL,Colombia,2001,57.5
COL,Colombia,2002,56.0
COL,Colombia,2003,53.6
COL,Colombia,2004,55.0
COL,Colombia,2005,53.9
COL,Colombia,2008,55.3
COL,Colombia,2009,54.3
COL,Colombia,2010,54.6
COL,Colombia,2011,53.5
COL,Colombia,2012,52.6
COL,Colombia,2013,52.6
COL,Colombia,2014,52.6
COL,Colombia,2015,51.0
COL,Colombia,2016,50.6
COL,Colombia,2017,49.7
COL,Colombia,2018,50.4
COL,Colombia,2019,51.3
COL,Colombia,2020,54.2
COM,Comoros,2004,55.9
COM,Comoros,2014,45.3
CPV,Cabo Verde,2001,52.5
CPV,Cabo Verde,2007,47.2
CPV,Cabo Verde,2015,42.4
CRI,Costa Rica,1981,47.5
CRI,Costa Rica,1986,34.4
CRI,Costa Rica,1989,45.6
CRI,Costa Rica,1990,45.3
CRI,Costa Rica,1991,46.6
CRI,Costa Rica,1992,45.7
CRI,Costa Rica,1993,46.0
CRI,Costa Rica,1994,46.8
CRI,Costa Rica,1995,45.7
CRI,Costa Rica,1996,46.5
CRI,Costa Rica,1997,45.6
CRI,Costa Rica,1998,45.7
CRI,Costa Rica,1999,47.7
CRI,Costa Rica,2000,47.4
CRI,Costa Rica,2001,51.5
CRI,Costa Rica,2002,51.8
CRI,Costa Rica,2003,49.3
CRI,Costa Rica,2004,48.4
CRI,Costa Rica,2005,47.5
CRI,Costa Rica,2006,49.3
CRI,Costa Rica,2007,49.3
CRI,Costa Rica,2008,48.6
CRI,Costa Rica,2009,50.6
CRI,Costa Rica,2010,48.0
CRI,Costa Rica,2011,48.8
CRI,Costa Rica,2012,48.4
CRI,Costa Rica,2013,49.2
CRI,Costa Rica,2014,48.6
CRI,Costa Rica,2015,48.4
CRI,Costa Rica,2016,48.7
CRI,Costa Rica,2017,48.3
CRI,Costa Rica,2018,48.0
CRI,Costa Rica,2019,48.2
CRI,Costa Rica,2020,49.3
CYP,Cyprus,2004,30.1
CYP,Cyprus,2005,30.3
CYP,Cyprus,2006,31.1
CYP,Cyprus,2007,31.1
CYP,Cyprus,2008,31.7
CYP,Cyprus,2009,32.1
CYP,Cyprus,2010,31.5
CYP,Cyprus,2011,32.6
CYP,Cyprus,2012,34.3
CYP,Cyprus,2013,37.0
CYP,Cyprus,2014,35.6
CYP,Cyprus,2015,34.0
CYP,Cyprus,2016,32.9
CYP,Cyprus,2017,31.4
CYP,Cyprus,2018,32.7
CYP,Cyprus,2019,31.2
CZE,Czechia,1992,20.7
CZE,Czechia,1993,26.6
CZE,Czechia,1996,25.8
CZE,Czechia,2002,26.6
CZE,Czechia,2004,27.5
CZE,Czechia,2005,26.9
CZE,Czechia,2006,26.7
CZE,Czechia,2007,26.0
CZE,Czechia,2008,26.3
CZE,Czechia,2009,26.2
CZE,Czechia,2010,26.6
CZE,Czechia,2011,26.4
CZE,Czechia,2012,26.1
CZE,Czechia,2013,26.5
CZE,Czechia,2014,25.9
CZE,Czechia,2015,25.9
CZE,Czechia,2016,25.4
CZE,Czechia,2017,24.9
CZE,Czechia,2018,25.0
CZE,Czechia,2019,25.3
DEU,Germany,1991,29.4
DEU,Germany,1992,29.2
DEU,Germany,1993,28.7
DEU,Germany,1994,29.2
DEU,Germany,1995,29.0
DEU,Germany,1996,28.4
DEU,Germany,1997,28.3
DEU,Germany,1998,28.3
DEU,Germany,1999,29.1
DEU,Germany,2000,28.9
DEU,Germany,2001,30.1
DEU,Germany,2002,29.9
DEU,Germany,2003,30.1
DEU,Germany,2004,30.3
DEU,Germany,2005,31.8
DEU,Germany,2006,31.2
DEU,Germany,2007,31.4
DEU,Germany,2008,30.9
DEU,Germany,2009,30.5
DEU,Germany,2010,30.3
DEU,Germany,2011,30.8
DEU,Germany,2012,31.1
DEU,Germany,2013,31.5
DEU,Germany,2014,30.9
DEU,Germany,2015,31.6
DEU,Germany,2016,31.6
DEU,Germany,2017,31.2
DEU,Germany,2018,31.7
DJI,Djibouti,2002,40.0
DJI,Djibouti,2012,45.1
DJI,Djibouti,2013,44.1
DJI,Djibouti,2017,41.6
DNK,Denmark,1987,26.2
DNK,Denmark,1992,24.7
DNK,Denmark,1995,23.0
DNK,Denmark,2000,23.8
DNK,Denmark,2003,25.6
DNK,Denmark,2004,24.9
DNK,Denmark,2005,25.2
DNK,Denmark,2006,25.9
DNK,Denmark,2007,26.2
DNK,Denmark,2008,25.2
DNK,Denmark,2009,26.7
DNK,Denmark,2010,27.2
DNK,Denmark,2011,27.3
DNK,Denmark,2012,27.8
DNK,Denmark,2013,28.5
DNK,Denmark,2014,28.4
DNK,Denmark,2015,28.2
DNK,Denmark,2016,28.2
DNK,Denmark,2017,28.7
DNK,Denmark,2018,28.2
DNK,Denmark,2019,27.7
DOM,Dominican Republic,1986,47.8
DOM,Dominican Republic,1989,50.5
DOM,Dominican Republic,1992,51.4
DOM,Dominican Republic,1996,47.4
DOM,Dominican Republic,1997,48.9
DOM,Dominican Republic,2000,51.5
DOM,Dominican Republic,2001,50.0
DOM,Dominican Republic,2002,49.7
DOM,Dominican Republic,2003,52.1
DOM,Dominican Republic,2004,52.1
DOM,Dominican Republic,2005,50.0
DOM,Dominican Republic,2006,52.0
DOM,Dominican Republic,2007,48.9
DOM,Dominican Republic,2008,48.1
DOM,Dominican Republic,2009,48.9
DOM,Dominican Republic,2010,47.3
DOM,Dominican Republic,2011,47.7
DOM,Dominican Republic,2012,46.1
DOM,Dominican Republic,2013,47.7
DOM,Dominican Republic,2014,44.3
DOM,Dominican Republic,2015,45.2
DOM,Dominican Republic,2016,45.7
DOM,Dominican Republic,2017,42.2
DOM,Dominican Republic,2018,43.7
DOM,Dominican Republic,2019,41.9
DOM,Dominican Republic,2020,39.6
DZA,Algeria,1988,40.2
DZA,Algeria,1995,35.3
DZA,Algeria,2011,27.6
ECU,Ecuador,1994,53.4
ECU,Ecuador,1999,58.6
ECU,Ecuador,2000,56.4
ECU,Ecuador,2003,53.5
ECU,Ecuador,2004,53.9
ECU,Ecuador,2005,53.1
ECU,Ecuador,2006,52.3
ECU,Ecuador,2007,53.4
ECU,Ecuador,2008,49.8
ECU,Ecuador,2009,48.5
ECU,Ecuador,2010,48.8
ECU,Ecuador,2011,45.9
ECU,Ecuador,2012,46.1
ECU,Ecuador,2013,46.9
ECU,Ecuador,2014,45.0
ECU,Ecuador,2015,46.0
ECU,Ecuador,2016,45.0
ECU,Ecuador,2017,44.7
ECU,Ecuador,2018,45.4
ECU,Ecuador,2019,45.7
ECU,Ecuador,2020,47.3
EGY,"Egypt, Arab Rep.",1990,32.0
EGY,"Egypt, Arab Rep.",1995,30.1
EGY,"Egypt, Arab Rep.",1999,32.8
EGY,"Egypt, Arab Rep.",2004,31.8
EGY,"Egypt, Arab Rep.",2008,31.1
EGY,"Egypt, Arab Rep.",2010,30.2
EGY,"Egypt, Arab Rep.",2012,28.3
EGY,"Egypt, Arab Rep.",2015,31.8
EGY,"Egypt, Arab Rep.",2017,31.5
ESP,Spain,1980,34.5
ESP,Spain,1985,34.4
ESP,Spain,1990,32.0
ESP,Spain,1995,36.7
ESP,Spain,2000,34.3
ESP,Spain,2003,31.8
ESP,Spain,2004,33.3
ESP,Spain,2005,32.4
ESP,Spain,2006,33.5
ESP,Spain,2007,34.1
ESP,Spain,2008,34.2
ESP,Spain,2009,34.9
ESP,Spain,2010,35.2
ESP,Spain,2011,35.7
ESP,Spain,2012,35.4
ESP,Spain,2013,36.2
ESP,Spain,2014,36.1
ESP,Spain,2015,36.2
ESP,Spain,2016,35.8
ESP,Spain,2017,34.7
ESP,Spain,2018,34.7
ESP,Spain,2019,34.3
EST,Estonia,1993,39.5
EST,Estonia,2003,37.2
EST,Estonia,2004,33.6
EST,Estonia,2005,33.4
EST,Estonia,2006,33.7
EST,Estonia,2007,31.2
EST,Estonia,2008,31.9
EST,Estonia,2009,31.4
EST,Estonia,2010,32.0
EST,Estonia,2011,32.5
EST,Estonia,2012,32.9
EST,Estonia,2013,35.1
EST,Estonia,2014,34.6
EST,Estonia,2015,32.7
EST,Estonia,2016,31.2
EST,Estonia,2017,30.4
EST,Estonia,2018,30.3
EST,Estonia,2019,30.8
ETH,Ethiopia,1995,44.6
ETH,Ethiopia,1999,30.0
ETH,Ethiopia,2004,29.8
ETH,Ethiopia,2010,33.2
ETH,Ethiopia,2015,35.0
FIN,Finland,1987,22.2
FIN,Finland,1991,22.9
FIN,Finland,1995,23.5
FIN,Finland,2000,27.2
FIN,Finland,2003,27.7
FIN,Finland,2004,27.9
FIN,Finland,2005,27.6
FIN,Finland,2006,28.0
FIN,Finland,2007,28.3
FIN,Finland,2008,27.8
FIN,Finland,2009,27.5
FIN,Finland,2010,27.7
FIN,Finland,2011,27.6
FIN,Finland,2012,27.1
FIN,Finland,2013,27.2
FIN,Finland,2014,26.8
FIN,Finland,2015,27.1
FIN,Finland,2016,27.1
FIN,Finland,2017,27.4
FIN,Finland,2018,27.3
FIN,Finland,2019,27.7
FJI,Fiji,2002,38.1
FJI,Fiji,2008,40.4
FJI,Fiji,2013,36.7
FJI,Fiji,2019,30.7
FRA,France,1978,35.2
FRA,France,1984,36.9
FRA,France,1989,32.2
FRA,France,1994,32.3
FRA,France,2000,31.1
FRA,France,2003,31.4
FRA,France,2004,30.6
FRA,France,2005,29.8
FRA,France,2006,29.7
FRA,France,2007,32.4
FRA,France,2008,33.0
FRA,France,2009,32.7
FRA,France,2010,33.7
FRA,France,2011,33.3
FRA,France,2012,33.1
FRA,France,2013,32.5
FRA,France,2014,32.3
FRA,France,2015,32.7
FRA,France,2016,31.9
FRA,France,2017,31.6
FRA,France,2018,32.4
FSM,"Micronesia, Fed. Sts.",2005,42.4
FSM,"Micronesia, Fed. Sts.",2013,40.1
GAB,Gabon,2005,42.2
GAB,Gabon,2017,38.0
GBR,United Kingdom,1969,33.7
GBR,United Kingdom,1974,30.0
GBR,United Kingdom,1979,28.4
GBR,United Kingdom,1986,31.9
GBR,United Kingdom,1991,35.9
GBR,United Kingdom,1994,36.0
GBR,United Kingdom,1995,35.5
GBR,United Kingdom,1996,35.3
GBR,United Kingdom,1997,35.7
GBR,United Kingdom,1998,36.6
GBR,United Kingdom,1999,36.8
GBR,United Kingdom,2000,39.6
GBR,United Kingdom,2001,37.9
GBR,United Kingdom,2002,35.7
GBR,United Kingdom,2003,35.5
GBR,United Kingdom,2004,36.0
GBR,United Kingdom,2005,34.3
GBR,United Kingdom,2006,34.6
GBR,United Kingdom,2007,35.7
GBR,United Kingdom,2008,34.1
GBR,United Kingdom,2009,34.3
GBR,United Kingdom,2010,34.4
GBR,United Kingdom,2011,33.2
GBR,United Kingdom,2012,32.3
GBR,United Kingdom,2013,33.2
GBR,United Kingdom,2014,34.0
GBR,United Kingdom,2015,33.2
GBR,United Kingdom,2016,34.8
GBR,United Kingdom,2017,35.1
GEO,Georgia,1996,37.1
GEO,Georgia,1997,40.7
GEO,Georgia,1998,41.3
GEO,Georgia,1999,40.1
GEO,Georgia,2000,40.5
GEO,Georgia,2001,39.6
GEO,Georgia,2002,37.2
GEO,Georgia,2003,36.7
GEO,Georgia,2004,36.2
GEO,Georgia,2005,37.4
GEO,Georgia,2006,36.9
GEO,Georgia,2007,38.1
GEO,Georgia,2008,38.5
GEO,Georgia,2009,38.2
GEO,Georgia,2010,39.5
GEO,Georgia,2011,39.6
GEO,Georgia,2012,39.0
GEO,Georgia,2013,38.6
GEO,Georgia,2014,37.6
GEO,Georgia,2015,36.5
GEO,Georgia,2016,36.6
GEO,Georgia,2017,37.9
GEO,Georgia,2018,36.4
GEO,Georgia,2019,35.9
GEO,Georgia,2020,34.5
GHA,Ghana,1987,35.3
GHA,Ghana,1988,36.0
GHA,Ghana,1991,38.4
GHA,Ghana,1998,40.1
GHA,Ghana,2005,42.8
GHA,Ghana,2012,42.4
GHA,Ghana,2016,43.5
GIN,Guinea,1991,46.8
GIN,Guinea,1994,46.1
GIN,Guinea,2002,43.0
GIN,Guinea,2007,39.4
GIN,Guinea,2012,33.7
GIN,Guinea,2018,29.6
GMB,"Gambia, The",1998,48.5
GMB,"Gambia, The",2003,47.3
GMB,"Gambia, The",2010,43.6
GMB,"Gambia, The",2015,35.9
GNB,Guinea-Bissau,1993,43.6
GNB,Guinea-Bissau,2002,35.6
GNB,Guinea-Bissau,2010,50.7
GNB,Guinea-Bissau,2018,34.8
GRC,Greece,1995,37.0
GRC,Greece,2000,34.2
GRC,Greece,2003,32.8
GRC,Greece,2004,33.6
GRC,Greece,2005,34.6
GRC,Greece,2006,35.1
GRC,Greece,2007,34.0
GRC,Greece,2008,33.6
GRC,Greece,2009,33.6
GRC,Greece,2010,34.1
GRC,Greece,2011,34.8
GRC,Greece,2012,36.3
GRC,Greece,2013,36.1
GRC,Greece,2014,35.8
GRC,Greece,2015,36.0
GRC,Greece,2016,35.0
GRC,Greece,2017,34.4
GRC,Greece,2018,32.9
GRC,Greece,2019,33.1
GTM,Guatemala,1986,58.3
GTM,Guatemala,1989,59.6
GTM,Guatemala,2000,54.2
GTM,Guatemala,2006,54.6
GTM,Guatemala,2014,48.3
GUY,Guyana,1998,45.1
HND,Honduras,1989,59.5
HND,Honduras,1990,57.4
HND,Honduras,1991,51.9
HND,Honduras,1992,51.8
HND,Honduras,1993,53.5
HND,Honduras,1994,55.0
HND,Honduras,1995,55.5
HND,Honduras,1996,55.7
HND,Honduras,1997,52.7
HND,Honduras,1998,57.4
HND,Honduras,1999,55.4
HND,Honduras,2001,55.4
HND,Honduras,2002,55.7
HND,Honduras,2003,58.1
HND,Honduras,2004,58.1
HND,Honduras,2005,59.5
HND,Honduras,2006,57.5
HND,Honduras,2007,55.8
HND,Honduras,2008,55.5
HND,Honduras,2009,51.3
HND,Honduras,2010,53.1
HND,Honduras,2011,52.6
HND,Honduras,2012,53.4
HND,Honduras,2013,50.0
HND,Honduras,2014,49.9
HND,Honduras,2015,49.2
HND,Honduras,2016,49.8
HND,Honduras,2017,49.4
HND,Honduras,2018,48.9
HND,Honduras,2019,48.2
HRV,Croatia,1988,22.8
HRV,Croatia,2009,32.6
HRV,Croatia,2010,32.4
HRV,Croatia,2011,32.3
HRV,Croatia,2012,32.5
HRV,Croatia,2013,32.0
HRV,Croatia,2014,32.1
HRV,Croatia,2015,31.1
HRV,Croatia,2016,30.9
HRV,Croatia,2017,30.4
HRV,Croatia,2018,29.7
HRV,Croatia,2019,28.9
HTI,Haiti,2012,41.1
HUN,Hungary,1987,21.0
HUN,Hungary,1989,25.0
HUN,Hungary,1991,29.6
HUN,Hungary,1993,27.9
HUN,Hungary,1994,33.3
HUN,Hungary,1999,30.2
HUN,Hungary,2004,29.9
HUN,Hungary,2005,34.7
HUN,Hungary,2006,28.3
HUN,Hungary,2007,27.9
HUN,Hungary,2008,27.5
HUN,Hungary,2009,27.0
HUN,Hungary,2010,29.4
HUN,Hungary,2011,29.2
HUN,Hungary,2012,30.8
HUN,Hungary,2013,31.5
HUN,Hungary,2014,30.9
HUN,Hungary,2015,30.4
HUN,Hungary,2016,30.3
HUN,Hungary,2017,30.6
HUN,Hungary,2018,29.6
HUN,Hungary,2019,30.0
IDN,Indonesia,1984,33.5
IDN,Indonesia,1987,31.4
IDN,Indonesia,1990,32.3
IDN,Indonesia,1993,33.2
IDN,Indonesia,1996,35.6
IDN,Indonesia,1998,32.2
IDN,Indonesia,1999,32.1
IDN,Indonesia,2000,29.5
IDN,Indonesia,2001,30.0
IDN,Indonesia,2002,32.8
IDN,Indonesia,2003,33.0
IDN,Indonesia,2004,33.9
IDN,Indonesia,2005,34.1
IDN,Indonesia,2006,35.3
IDN,Indonesia,2007,36.7
IDN,Indonesia,2008,36.1
IDN,Indonesia,2009,36.0
IDN,Indonesia,2010,37.2
IDN,Indonesia,2011,40.5
IDN,Indonesia,2012,40.5
IDN,Indonesia,2013,40.8
IDN,Indonesia,2014,40.2
IDN,Indonesia,2015,40.4
IDN,Indonesia,2016,39.3
IDN,Indonesia,2017,38.8
IDN,Indonesia,2018,38.4
IDN,Indonesia,2019,37.6
IDN,Indonesia,2020,37.6
IDN,Indonesia,2021,37.9
IND,India,1977,33.3
IND,India,1983,32.1
IND,India,1987,32.6
IND,India,1993,31.7
IND,India,2004,34.4
IND,India,2009,35.4
IND,India,2011,35.7
IND,India,2015,34.7
IND,India,2016,34.8
IND,India,2017,35.9
IND,India,2018,34.6
IND,India,2019,35.7
IRL,Ireland,1987,35.5
IRL,Ireland,1994,36.9
IRL,Ireland,1995,37.0
IRL,Ireland,1996,35.6
IRL,Ireland,2000,33.0
IRL,Ireland,2002,32.3
IRL,Ireland,2003,32.9
IRL,Ireland,2004,33.6
IRL,Ireland,2005,33.8
IRL,Ireland,2006,32.7
IRL,Ireland,2007,31.9
IRL,Ireland,2008,30.9
IRL,Ireland,2009,32.7
IRL,Ireland,2010,32.3
IRL,Ireland,2011,32.9
IRL,Ireland,2012,33.2
IRL,Ireland,2013,33.5
IRL,Ireland,2014,31.9
IRL,Ireland,2015,31.8
IRL,Ireland,2016,32.8
IRL,Ireland,2017,31.4
IRL,Ireland,2018,30.6
IRN,"Iran, Islamic Rep.",1986,47.4
IRN,"Iran, Islamic Rep.",1990,43.6
IRN,"Iran, Islamic Rep.",1994,43.0
IRN,"Iran, Islamic Rep.",1998,44.1
IRN,"Iran, Islamic Rep.",2005,43.6
IRN,"Iran, Islamic Rep.",2006,44.8
IRN,"Iran, Islamic Rep.",2009,42.1
IRN,"Iran, Islamic Rep.",2013,37.4
IRN,"Iran, Islamic Rep.",2014,38.8
IRN,"Iran, Islamic Rep.",2015,39.5
IRN,"Iran, Islamic Rep.",2016,40.0
IRN,"Iran, Islamic Rep.",2017,40.8
IRN,"Iran, Islamic Rep.",2018,42.0
IRN,"Iran, Islamic Rep.",2019,40.9
IRQ,Iraq,2006,28.6
IRQ,Iraq,2012,29.5
ISL,Iceland,2003,26.8
ISL,Iceland,2004,28.0
ISL,Iceland,2005,29.0
ISL,Iceland,2006,30.2
ISL,Iceland,2007,29.5
ISL,Iceland,2008,31.8
ISL,Iceland,2009,28.7
ISL,Iceland,2010,26.2
ISL,Iceland,2011,26.8
ISL,Iceland,2012,26.8
ISL,Iceland,2013,25.4
ISL,Iceland,2014,27.8
ISL,Iceland,2015,26.8
ISL,Iceland,2016,27.2
ISL,Iceland,2017,26.1
ISR,Israel,1979,36.3
ISR,Israel,1986,36.5
ISR,Israel,1992,35.5
ISR,Israel,1997,38.1
ISR,Israel,2001,38.9
ISR,Israel,2002,39.6
ISR,Israel,2003,40.7
ISR,Israel,2004,41.5
ISR,Israel,2005,42.3
ISR,Israel,2006,41.6
ISR,Israel,2007,41.1
ISR,Israel,2008,41.6
ISR,Israel,2009,42.6
ISR,Israel,2010,42.5
ISR,Israel,2011,41.4
ISR,Israel,2012,41.6
ISR,Israel,2013,40.2
ISR,Israel,2014,39.8
ISR,Israel,2015,39.7
ISR,Israel,2016,39.0
ISR,Israel,2017,38.2
ISR,Israel,2018,38.6
ITA,Italy,1986,32.5
ITA,Italy,1987,34.5
ITA,Italy,1989,32.6
ITA,Italy,1991,31.5
ITA,Italy,1993,35.5
ITA,Italy,1995,35.2
ITA,Italy,1998,36.7
ITA,Italy,2000,35.3
ITA,Italy,2003,34.9
ITA,Italy,2004,34.3
ITA,Italy,2005,33.8
ITA,Italy,2006,33.7
ITA,Italy,2007,32.9
ITA,Italy,2008,33.8
ITA,Italy,2009,33.8
ITA,Italy,2010,34.7
ITA,Italy,2011,35.1
ITA,Italy,2012,35.2
ITA,Italy,2013,34.9
ITA,Italy,2014,34.7
ITA,Italy,2015,35.4
ITA,Italy,2016,35.2
ITA,Italy,2017,35.9
ITA,Italy,2018,35.2
JAM,Jamaica,1988,43.2
JAM,Jamaica,1990,41.1
JAM,Jamaica,1993,35.7
JAM,Jamaica,1996,40.4
JAM,Jamaica,1999,44.1
JAM,Jamaica,2002,48.3
JAM,Jamaica,2004,45.5
JOR,Jordan,1986,36.1
JOR,Jordan,1992,43.4
JOR,Jordan,1997,36.4
JOR,Jordan,2002,37.0
JOR,Jordan,2006,33.9
JOR,Jordan,2008,32.6
JOR,Jordan,2010,33.7
JPN,Japan,2008,34.8
JPN,Japan,2010,32.1
JPN,Japan,2013,32.9
KAZ,Kazakhstan,1996,35.4
KAZ,Kazakhstan,2001,36.0
KAZ,Kazakhstan,2002,34.8
KAZ,Kazakhstan,2003,33.7
KAZ,Kazakhstan,2004,31.8
KAZ,Kazakhstan,2005,39.8
KAZ,Kazakhstan,2006,30.2
KAZ,Kazakhstan,2007,30.1
KAZ,Kazakhstan,2008,28.5
KAZ,Kazakhstan,2009,28.2
KAZ,Kazakhstan,2010,28.0
KAZ,Kazakhstan,2011,28.0
KAZ,Kazakhstan,2012,28.2
KAZ,Kazakhstan,2013,27.1
KAZ,Kazakhstan,2014,27.0
KAZ,Kazakhstan,2015,26.8
KAZ,Kazakhstan,2016,27.2
KAZ,Kazakhstan,2017,27.5
KAZ,Kazakhstan,2018,27.8
KEN,Kenya,1992,57.5
KEN,Kenya,1994,43.1
KEN,Kenya,1997,45.0
KEN,Kenya,2005,46.5
KEN,Kenya,2015,40.8
KGZ,Kyrgyz Republic,1998,46.4
KGZ,Kyrgyz Republic,2000,31.0
KGZ,Kyrgyz Republic,2001,30.2
KGZ,Kyrgyz Republic,2002,30.3
KGZ,Kyrgyz Republic,2003,28.7
KGZ,Kyrgyz Republic,2004,34.8
KGZ,Kyrgyz Republic,2005,32.6
KGZ,Kyrgyz Republic,2006,37.4
KGZ,Kyrgyz Republic,2007,33.9
KGZ,Kyrgyz Republic,2008,31.5
KGZ,Kyrgyz Republic,2009,29.9
KGZ,Kyrgyz Republic,2010,30.1
KGZ,Kyrgyz Republic,2011,27.8
KGZ,Kyrgyz Republic,2012,27.4
KGZ,Kyrgyz Republic,2013,28.8
KGZ,Kyrgyz Republic,2014,26.8
KGZ,Kyrgyz Republic,2015,29.0
KGZ,Kyrgyz Republic,2016,26.8
KGZ,Kyrgyz Republic,2017,27.3
KGZ,Kyrgyz Republic,2018,27.7
KGZ,Kyrgyz Republic,2019,29.7
KGZ,Kyrgyz Republic,2020,29.0
KIR,Kiribati,2006,37.0
KIR,Kiribati,2019,27.8
KOR,"Korea, Rep.",2006,31.7
KOR,"Korea, Rep.",2008,32.3
KOR,"Korea, Rep.",2010,32.0
KOR,"Korea, Rep.",2012,31.6
KOR,"Korea, Rep.",2014,31.2
KOR,"Korea, Rep.",2016,31.4
LAO,Lao PDR,1992,34.3
LAO,Lao PDR,1997,34.9
LAO,Lao PDR,2002,32.6
LAO,Lao PDR,2007,35.4
LAO,Lao PDR,2012,36.0
LAO,Lao PDR,2018,38.8
LBN,Lebanon,2011,31.8
LBR,Liberia,2007,36.5
LBR,Liberia,2014,33.2
LBR,Liberia,2016,35.3
LCA,St. Lucia,1995,42.6
LCA,St. Lucia,2016,51.2
LKA,Sri Lanka,1985,32.5
LKA,Sri Lanka,1990,32.4
LKA,Sri Lanka,1995,35.4
LKA,Sri Lanka,2002,40.2
LKA,Sri Lanka,2006,39.7
LKA,Sri Lanka,2009,36.1
LKA,Sri Lanka,2012,38.7
LKA,Sri Lanka,2016,39.3
LSO,Lesotho,1986,56.0
LSO,Lesotho,1994,63.2
LSO,Lesotho,2002,51.6
LSO,Lesotho,2017,44.9
LTU,Lithuania,1993,33.6
LTU,Lithuania,2004,37.0
LTU,Lithuania,2005,35.3
LTU,Lithuania,2006,34.4
LTU,Lithuania,2007,34.8
LTU,Lithuania,2008,35.7
LTU,Lithuania,2009,37.2
LTU,Lithuania,2010,33.6
LTU,Lithuania,2011,32.5
LTU,Lithuania,2012,35.1
LTU,Lithuania,2013,35.3
LTU,Lithuania,2014,37.7
LTU,Lithuania,2015,37.4
LTU,Lithuania,2016,38.4
LTU,Lithuania,2017,37.3
LTU,Lithuania,2018,35.7
LTU,Lithuania,2019,35.3
LUX,Luxembourg,1985,26.7
LUX,Luxembourg,1991,26.8
LUX,Luxembourg,1994,26.9
LUX,Luxembourg,1997,30.2
LUX,Luxembourg,2000,30.4
LUX,Luxembourg,2003,30.2
LUX,Luxembourg,2004,30.2
LUX,Luxembourg,2005,30.8
LUX,Luxembourg,2006,30.9
LUX,Luxembourg,2007,31.1
LUX,Luxembourg,2008,32.6
LUX,Luxembourg,2009,31.2
LUX,Luxembourg,2010,30.5
LUX,Luxembourg,2011,32.1
LUX,Luxembourg,2012,34.3
LUX,Luxembourg,2013,32.0
LUX,Luxembourg,2014,31.2
LUX,Luxembourg,2015,32.9
LUX,Luxembourg,2016,31.7
LUX,Luxembourg,2017,34.5
LUX,Luxembourg,2018,35.4
LUX,Luxembourg,2019,34.2
LVA,Latvia,1993,27.0
LVA,Latvia,1995,31.0
LVA,Latvia,1996,31.6
LVA,Latvia,2004,36.4
LVA,Latvia,2005,39.0
LVA,Latvia,2006,35.6
LVA,Latvia,2007,37.5
LVA,Latvia,2008,37.2
LVA,Latvia,2009,36.0
LVA,Latvia,2010,35.0
LVA,Latvia,2011,35.8
LVA,Latvia,2012,35.2
LVA,Latvia,2013,35.5
LVA,Latvia,2014,35.1
LVA,Latvia,2015,34.2
LVA,Latvia,2016,34.3
LVA,Latvia,2017,35.6
LVA,Latvia,2018,35.1
LVA,Latvia,2019,34.5
MAR,Morocco,1984,39.2
MAR,Morocco,1990,39.2
MAR,Morocco,1998,39.4
MAR,Morocco,2000,40.6
MAR,Morocco,2006,40.7
MAR,Morocco,2013,39.5
MDA,Moldova,1997,36.9
MDA,Moldova,1998,39.5
MDA,Moldova,1999,42.6
MDA,Moldova,2000,36.4
MDA,Moldova,2001,38.0
MDA,Moldova,2002,35.8
MDA,Moldova,2003,34.9
MDA,Moldova,2004,35.0
MDA,Moldova,2005,36.3
MDA,Moldova,2006,35.4
MDA,Moldova,2007,34.4
MDA,Moldova,2008,34.7
MDA,Moldova,2009,32.9
MDA,Moldova,2010,32.1
MDA,Moldova,2011,30.6
MDA,Moldova,2012,29.2
MDA,Moldova,2013,28.5
MDA,Moldova,2014,26.8
MDA,Moldova,2015,27.0
MDA,Moldova,2016,26.3
MDA,Moldova,2017,25.9
MDA,Moldova,2018,25.7
MDA,Moldova,2019,26.0
MDG,Madagascar,1980,46.8
MDG,Madagascar,1993,45.3
MDG,Madagascar,1997,39.5
MDG,Madagascar,1999,38.6
MDG,Madagascar,2001,47.4
MDG,Madagascar,2005,39.9
MDG,Madagascar,2010,42.4
MDG,Madagascar,2012,42.6
MDV,Maldives,2002,41.3
MDV,Maldives,2009,38.4
MDV,Maldives,2016,31.3
MDV,Maldives,2019,29.3
MEX,Mexico,1984,48.5
MEX,Mexico,1989,50.6
MEX,Mexico,1992,52.6
MEX,Mexico,1994,52.8
MEX,Mexico,1996,53.6
MEX,Mexico,1998,51.7
MEX,Mexico,2000,52.6
MEX,Mexico,2002,50.1
MEX,Mexico,2004,50.0
MEX,Mexico,2005,50.1
MEX,Mexico,2006,48.9
MEX,Mexico,2008,49.9
MEX,Mexico,2010,47.2
MEX,Mexico,2012,48.7
MEX,Mexico,2014,48.7
MEX,Mexico,2016,47.7
MEX,Mexico,2018,46.7
MEX,Mexico,2020,45.4
MHL,Marshall Islands,2019,35.5
MKD,North Macedonia,2009,42.8
MKD,North Macedonia,2010,40.2
MKD,North Macedonia,2011,39.4
MKD,North Macedonia,2012,38.1
MKD,North Macedonia,2013,36.2
MKD,North Macedonia,2014,35.2
MKD,North Macedonia,2015,35.6
MKD,North Macedonia,2016,34.5
MKD,North Macedonia,2017,34.2
MKD,North Macedonia,2018,33.0
MLI,Mali,1994,50.4
MLI,Mali,2001,39.9
MLI,Mali,2006,38.9
MLI,Mali,2009,33.0
MLI,Mali,2018,36.1
MLT,Malta,2006,28.0
MLT,Malta,2007,29.2
MLT,Malta,2008,29.0
MLT,Malta,2009,30.2
MLT,Malta,2010,29.0
MLT,Malta,2011,29.1
MLT,Malta,2012,29.4
MLT,Malta,2013,28.8
MLT,Malta,2014,29.0
MLT,Malta,2015,29.4
MLT,Malta,2016,29.1
MLT,Malta,2017,29.2
MLT,Malta,2018,28.7
MLT,Malta,2019,31.0
MMR,Myanmar,2015,38.1
MMR,Myanmar,2017,30.7
MNE,Montenegro,2012,41.2
MNE,Montenegro,2013,39.0
MNE,Montenegro,2014,38.8
MNE,Montenegro,2015,39.0
MNE,Montenegro,2016,38.5
MNE,Montenegro,2017,36.9
MNE,Montenegro,2018,36.8
MNG,Mongolia,1995,33.2
MNG,Mongolia,1998,30.3
MNG,Mongolia,2002,32.9
MNG,Mongolia,2007,35.8
MNG,Mongolia,2010,33.1
MNG,Mongolia,2011,33.9
MNG,Mongolia,2012,33.8
MNG,Mongolia,2014,32.0
MNG,Mongolia,2016,32.3
MNG,Mongolia,2018,32.7
MOZ,Mozambique,1996,53.6
MOZ,Mozambique,2002,47.0
MOZ,Mozambique,2008,45.6
MOZ,Mozambique,2014,54.0
MRT,Mauritania,1987,43.9
MRT,Mauritania,1993,50.1
MRT,Mauritania,1995,37.7
MRT,Mauritania,2000,39.0
MRT,Mauritania,2004,40.2
MRT,Mauritania,2008,35.7
MRT,Mauritania,2014,32.6
MUS,Mauritius,2006,35.7
MUS,Mauritius,2012,38.5
MUS,Mauritius,2017,36.8
MWI,Malawi,1997,65.8
MWI,Malawi,2004,39.9
MWI,Malawi,2010,45.5
MWI,Malawi,2016,44.7
MWI,Malawi,2019,38.5
MYS,Malaysia,1984,48.6
MYS,Malaysia,1987,47.0
MYS,Malaysia,1989,46.2
MYS,Malaysia,1992,47.7
MYS,Malaysia,1995,48.5
MYS,Malaysia,1997,49.1
MYS,Malaysia,2003,46.4
MYS,Malaysia,2004,46.1
MYS,Malaysia,2006,44.8
MYS,Malaysia,2007,46.1
MYS,Malaysia,2008,45.5
MYS,Malaysia,2011,43.9
MYS,Malaysia,2013,41.3
MYS,Malaysia,2015,41.1
NAM,Namibia,2003,63.3
NAM,Namibia,2009,61.0
NAM,Namibia,2015,59.1
NER,Niger,1992,36.1
NER,Niger,1994,41.5
NER,Niger,2005,44.4
NER,Niger,2007,37.3
NER,Niger,2011,31.5
NER,Niger,2014,34.3
NER,Niger,2018,37.3
NGA,Nigeria,1985,38.7
NGA,Nigeria,1992,45.0
NGA,Nigeria,1996,51.9
NGA,Nigeria,2003,40.1
NGA,Nigeria,2009,43.0
NGA,Nigeria,2010,35.7
NGA,Nigeria,2012,35.5
NGA,Nigeria,2015,35.9
NGA,Nigeria,2018,35.1
NIC,Nicaragua,1993,57.4
NIC,Nicaragua,1998,54.4
NIC,Nicaragua,2001,52.9
NIC,Nicaragua,2005,48.8
NIC,Nicaragua,2009,43.9
NIC,Nicaragua,2014,46.2
NLD,Netherlands,1983,28.4
NLD,Netherlands,1987,26.8
NLD,Netherlands,1990,31.1
NLD,Netherlands,1993,30.4
NLD,Netherlands,1999,28.1
NLD,Netherlands,2004,29.8
NLD,Netherlands,2005,29.0
NLD,Netherlands,2006,30.0
NLD,Netherlands,2007,29.6
NLD,Netherlands,2008,29.3
NLD,Netherlands,2009,27.9
NLD,Netherlands,2010,27.8
NLD,Netherlands,2011,27.8
NLD,Netherlands,2012,27.6
NLD,Netherlands,2013,28.1
NLD,Netherlands,2014,28.6
NLD,Netherlands,2015,28.2
NLD,Netherlands,2016,28.2
NLD,Netherlands,2017,28.5
NLD,Netherlands,2018,28.1
NLD,Netherlands,2019,29.2
NOR,Norway,1979,26.9
NOR,Norway,1986,24.6
NOR,Norway,1991,25.2
NOR,Norway,1995,26.0
NOR,Norway,2000,27.4
NOR,Norway,2003,27.6
NOR,Norway,2004,31.6
NOR,Norway,2005,30.6
NOR,Norway,2006,26.4
NOR,Norway,2007,27.1
NOR,Norway,2008,27.0
NOR,Norway,2009,26.2
NOR,Norway,2010,25.7
NOR,Norway,2011,25.3
NOR,Norway,2012,25.7
NOR,Norway,2013,26.4
NOR,Norway,2014,26.8
NOR,Norway,2015,27.5
NOR,Norway,2016,28.5
NOR,Norway,2017,27.0
NOR,Norway,2018,27.6
NOR,Norway,2019,27.7
NPL,Nepal,1995,35.2
NPL,Nepal,2003,43.8
NPL,Nepal,2010,32.8
NRU,Nauru,2012,34.8
PAK,Pakistan,1987,33.3
PAK,Pakistan,1990,33.2
PAK,Pakistan,1996,28.7
PAK,Pakistan,1998,33.1
PAK,Pakistan,2001,28.7
PAK,Pakistan,2004,30.9
PAK,Pakistan,2005,31.3
PAK,Pakistan,2007,29.7
PAK,Pakistan,2010,28.8
PAK,Pakistan,2011,29.7
PAK,Pakistan,2013,29.5
PAK,Pakistan,2015,31.3
PAK,Pakistan,2018,29.6
PAN,Panama,1979,48.7
PAN,Panama,1989,58.9
PAN,Panama,1991,58.2
PAN,Panama,1995,57.8
PAN,Panama,1997,58.2
PAN,Panama,1998,57.5
PAN,Panama,1999,56.5
PAN,Panama,2000,56.6
PAN,Panama,2001,56.7
PAN,Panama,2002,56.1
PAN,Panama,2003,55.7
PAN,Panama,2004,54.8
PAN,Panama,2005,53.8
PAN,Panama,2006,54.6
PAN,Panama,2007,52.7
PAN,Panama,2008,52.7
PAN,Panama,2009,51.8
PAN,Panama,2010,51.6
PAN,Panama,2011,51.3
PAN,Panama,2012,51.7
PAN,Panama,2013,51.5
PAN,Panama,2014,50.5
PAN,Panama,2015,50.8
PAN,Panama,2016,50.4
PAN,Panama,2017,49.9
PAN,Panama,2018,49.2
PAN,Panama,2019,49.8
PER,Peru,1997,53.3
PER,Peru,1998,55.1
PER,Peru,1999,54.8
PER,Peru,2000,49.1
PER,Peru,2001,51.3
PER,Peru,2002,53.6
PER,Peru,2003,53.1
PER,Peru,2004,49.9
PER,Peru,2005,50.5
PER,Peru,2006,50.3
PER,Peru,2007,50.0
PER,Peru,2008,47.5
PER,Peru,2009,47.0
PER,Peru,2010,45.5
PER,Peru,2011,44.7
PER,Peru,2012,44.4
PER,Peru,2013,43.9
PER,Peru,2014,43.1
PER,Peru,2015,43.4
PER,Peru,2016,43.6
PER,Peru,2017,43.3
PER,Peru,2018,42.4
PER,Peru,2019,41.6
PER,Peru,2020,43.8
PHL,Philippines,2000,47.7
PHL,Philippines,2003,46.6
PHL,Philippines,2006,47.2
PHL,Philippines,2009,46.3
PHL,Philippines,2012,46.5
PHL,Philippines,2015,44.6
PHL,Philippines,2018,42.3
PNG,Papua New Guinea,1996,45.8
PNG,Papua New Guinea,2009,41.9
POL,Poland,1985,25.2
POL,Poland,1986,28.0
POL,Poland,1987,25.5
POL,Poland,1989,26.9
POL,Poland,1992,29.3
POL,Poland,1995,34.6
POL,Poland,1999,32.1
POL,Poland,2004,38.0
POL,Poland,2005,35.8
POL,Poland,2006,34.7
POL,Poland,2007,34.0
POL,Poland,2008,33.5
POL,Poland,2009,33.4
POL,Poland,2010,33.2
POL,Poland,2011,33.2
POL,Poland,2012,33.0
POL,Poland,2013,33.1
POL,Poland,2014,32.8
POL,Poland,2015,31.8
POL,Poland,2016,31.2
POL,Poland,2017,29.7
POL,Poland,2018,30.2
PRT,Portugal,2003,38.8
PRT,Portugal,2004,38.9
PRT,Portugal,2005,38.5
PRT,Portugal,2006,38.1
PRT,Portugal,2007,36.8
PRT,Portugal,2008,36.6
PRT,Portugal,2009,34.9
PRT,Portugal,2010,35.8
PRT,Portugal,2011,36.3
PRT,Portugal,2012,36.0
PRT,Portugal,2013,36.2
PRT,Portugal,2014,35.6
PRT,Portugal,2015,35.5
PRT,Portugal,2016,35.2
PRT,Portugal,2017,33.8
PRT,Portugal,2018,33.5
PRT,Portugal,2019,32.8
PRY,Paraguay,1990,40.8
PRY,Paraguay,1995,58.2
PRY,Paraguay,1997,54.9
PRY,Paraguay,1999,54.6
PRY,Paraguay,2001,54.6
PRY,Paraguay,2002,57.3
PRY,Paraguay,2003,54.9
PRY,Paraguay,2004,52.3
PRY,Paraguay,2005,51.4
PRY,Paraguay,2006,53.0
PRY,Paraguay,2007,53.0
PRY,Paraguay,2008,50.7
PRY,Paraguay,2009,49.1
PRY,Paraguay,2010,51.0
PRY,Paraguay,2011,52.3
PRY,Paraguay,2012,47.6
PRY,Paraguay,2013,47.9
PRY,Paraguay,2014,50.7
PRY,Paraguay,2015,47.6
PRY,Paraguay,2016,47.9
PRY,Paraguay,2017,48.5
PRY,Paraguay,2018,46.0
PRY,Paraguay,2019,45.7
PRY,Paraguay,2020,43.5
PSE,West Bank and Gaza,2004,34.0
PSE,West Bank and Gaza,2005,34.7
PSE,West Bank and Gaza,2006,34.0
PSE,West Bank and Gaza,2007,35.6
PSE,West Bank and Gaza,2009,34.5
PSE,West Bank and Gaza,2010,35.3
PSE,West Bank and Gaza,2011,34.4
PSE,West Bank and Gaza,2016,33.7
ROU,Romania,1989,23.3
ROU,Romania,1992,25.5
ROU,Romania,1994,28.2
ROU,Romania,1995,31.2
ROU,Romania,1997,30.5
ROU,Romania,2006,39.6
ROU,Romania,2007,37.5
ROU,Romania,2008,36.4
ROU,Romania,2009,35.6
ROU,Romania,2010,35.5
ROU,Romania,2011,35.9
ROU,Romania,2012,36.5
ROU,Romania,2013,36.9
ROU,Romania,2014,36.0
ROU,Romania,2015,35.9
ROU,Romania,2016,34.4
ROU,Romania,2017,36.0
ROU,Romania,2018,35.8
ROU,Romania,2019,34.8
RUS,Russian Federation,1993,48.4
RUS,Russian Federation,1996,46.1
RUS,Russian Federation,1997,38.4
RUS,Russian Federation,1998,38.1
RUS,Russian Federation,1999,37.4
RUS,Russian Federation,2000,37.1
RUS,Russian Federation,2001,36.9
RUS,Russian Federation,2002,37.3
RUS,Russian Federation,2003,40.0
RUS,Russian Federation,2004,40.3
RUS,Russian Federation,2005,41.3
RUS,Russian Federation,2006,41.0
RUS,Russian Federation,2007,42.3
RUS,Russian Federation,2008,41.6
RUS,Russian Federation,2009,39.8
RUS,Russian Federation,2010,39.5
RUS,Russian Federation,2011,39.7
RUS,Russian Federation,2012,40.7
RUS,Russian Federation,2013,40.9
RUS,Russian Federation,2014,39.9
RUS,Russian Federation,2015,37.7
RUS,Russian Federation,2016,36.8
RUS,Russian Federation,2017,37.2
RUS,Russian Federation,2018,37.5
RUS,Russian Federation,2019,37.7
RUS,Russian Federation,2020,36.0
RWA,Rwanda,2000,48.5
RWA,Rwanda,2005,52.0
RWA,Rwanda,2010,47.2
RWA,Rwanda,2013,45.1
RWA,Rwanda,2016,43.7
SDN,Sudan,2009,35.4
SDN,Sudan,2014,34.2
SEN,Senegal,1991,54.1
SEN,Senegal,1994,41.4
SEN,Senegal,2001,41.2
SEN,Senegal,2005,39.2
SEN,Senegal,2011,40.3
SEN,Senegal,2018,38.1
SLB,Solomon Islands,2005,46.1
SLB,Solomon Islands,2012,37.1
SLB,Solomon Islands,2013,37.1
SLE,Sierra Leone,2003,40.2
SLE,Sierra Leone,2011,34.0
SLE,Sierra Leone,2018,35.7
SLV,El Salvador,1991,54.0
SLV,El Salvador,1995,49.9
SLV,El Salvador,1996,51.0
SLV,El Salvador,1998,54.5
SLV,El Salvador,1999,52.2
SLV,El Salvador,2000,51.5
SLV,El Salvador,2001,51.4
SLV,El Salvador,2002,51.9
SLV,El Salvador,2003,50.5
SLV,El Salvador,2004,47.8
SLV,El Salvador,2005,48.5
SLV,El Salvador,2006,45.7
SLV,El Salvador,2007,45.2
SLV,El Salvador,2008,46.9
SLV,El Salvador,2009,45.8
SLV,El Salvador,2010,43.5
SLV,El Salvador,2011,42.3
SLV,El Salvador,2012,41.8
SLV,El Salvador,2013,43.4
SLV,El Salvador,2014,41.6
SLV,El Salvador,2015,40.6
SLV,El Salvador,2016,40.0
SLV,El Salvador,2017,38.0
SLV,El Salvador,2018,38.6
SLV,El Salvador,2019,38.8
SOM,Somalia,2017,36.8
SRB,Serbia,2012,39.9
SRB,Serbia,2013,39.5
SRB,Serbia,2014,40.5
SRB,Serbia,2015,40.5
SRB,Serbia,2016,38.8
SRB,Serbia,2017,36.2
SRB,Serbia,2018,35.0
SRB,Serbia,2019,34.5
SSD,South Sudan,2009,46.3
SSD,South Sudan,2016,44.1
STP,Sao Tome and Principe,2000,32.1
STP,Sao Tome and Principe,2010,30.8
STP,Sao Tome and Principe,2017,40.7
SUR,Suriname,1999,57.9
SVK,Slovak Republic,1992,20.2
SVK,Slovak Republic,1996,26.3
SVK,Slovak Republic,2004,27.1
SVK,Slovak Republic,2005,29.3
SVK,Slovak Republic,2006,25.8
SVK,Slovak Republic,2007,24.7
SVK,Slovak Republic,2008,26.0
SVK,Slovak Republic,2009,27.2
SVK,Slovak Republic,2010,27.3
SVK,Slovak Republic,2011,26.5
SVK,Slovak Republic,2012,26.1
SVK,Slovak Republic,2013,28.1
SVK,Slovak Republic,2014,26.1
SVK,Slovak Republic,2015,26.5
SVK,Slovak Republic,2016,25.2
SVK,Slovak Republic,2017,23.2
SVK,Slovak Republic,2018,25.0
SVK,Slovak Republic,2019,23.2
SVN,Slovenia,1987,23.6
SVN,Slovenia,1993,29.2
SVN,Slovenia,1997,24.1
SVN,Slovenia,1999,24.0
SVN,Slovenia,2004,24.8
SVN,Slovenia,2005,24.6
SVN,Slovenia,2006,24.4
SVN,Slovenia,2007,24.4
SVN,Slovenia,2008,23.7
SVN,Slovenia,2009,24.8
SVN,Slovenia,2010,24.9
SVN,Slovenia,2011,24.9
SVN,Slovenia,2012,25.6
SVN,Slovenia,2013,26.2
SVN,Slovenia,2014,25.7
SVN,Slovenia,2015,25.4
SVN,Slovenia,2016,24.8
SVN,Slovenia,2017,24.2
SVN,Slovenia,2018,24.6
SVN,Slovenia,2019,24.4
SWE,Sweden,1967,34.0
SWE,Sweden,1975,24.3
SWE,Sweden,1981,22.9
SWE,Sweden,1987,23.1
SWE,Sweden,1992,24.9
SWE,Sweden,1995,25.2
SWE,Sweden,2000,27.2
SWE,Sweden,2003,25.3
SWE,Sweden,2004,26.1
SWE,Sweden,2005,26.8
SWE,Sweden,2006,26.4
SWE,Sweden,2007,27.1
SWE,Sweden,2008,28.1
SWE,Sweden,2009,27.3
SWE,Sweden,2010,27.7
SWE,Sweden,2011,27.6
SWE,Sweden,2012,27.6
SWE,Sweden,2013,28.8
SWE,Sweden,2014,28.4
SWE,Sweden,2015,29.2
SWE,Sweden,2016,29.6
SWE,Sweden,2017,28.8
SWE,Sweden,2018,30.0
SWE,Sweden,2019,29.3
SWZ,Eswatini,1994,60.5
SWZ,Eswatini,2000,53.1
SWZ,Eswatini,2009,51.5
SWZ,Eswatini,2016,54.6
SYC,Seychelles,2013,46.8
SYC,Seychelles,2018,32.1
SYR,Syrian Arab Republic,1996,35.2
SYR,Syrian Arab Republic,2003,37.5
SYR,Syrian Arab Republic,2004,35.8
TCD,Chad,2003,39.8
TCD,Chad,2011,43.3
TCD,Chad,2018,37.5
TGO,Togo,2006,42.2
TGO,Togo,2011,46.0
TGO,Togo,2015,43.1
TGO,Togo,2018,42.4
THA,Thailand,1981,45.2
THA,Thailand,1988,43.8
THA,Thailand,1990,45.3
THA,Thailand,1992,47.9
THA,Thailand,1994,43.5
THA,Thailand,1996,42.9
THA,Thailand,1998,41.5
THA,Thailand,1999,43.1
THA,Thailand,2000,42.8
THA,Thailand,2002,41.9
THA,Thailand,2004,42.5
THA,Thailand,2006,41.8
THA,Thailand,2007,39.8
THA,Thailand,2008,40.3
THA,Thailand,2009,39.6
THA,Thailand,2010,39.4
THA,Thailand,2011,37.5
THA,Thailand,2012,39.3
THA,Thailand,2013,37.8
THA,Thailand,2014,37.0
THA,Thailand,2015,36.0
THA,Thailand,2016,36.9
THA,Thailand,2017,36.5
THA,Thailand,2018,36.4
THA,Thailand,2019,34.9
THA,Thailand,2020,35.0
TJK,Tajikistan,1999,29.5
TJK,Tajikistan,2003,32.7
TJK,Tajikistan,2004,33.6
TJK,Tajikistan,2007,32.2
TJK,Tajikistan,2009,30.8
TJK,Tajikistan,2015,34.0
TKM,Turkmenistan,1998,40.8
TLS,Timor-Leste,2001,35.9
TLS,Timor-Leste,2007,27.8
TLS,Timor-Leste,2014,28.7
TON,Tonga,2000,37.7
TON,Tonga,2001,37.7
TON,Tonga,2009,37.5
TON,Tonga,2015,37.6
TTO,Trinidad and Tobago,1988,42.6
TTO,Trinidad and Tobago,1992,40.3
TUN,Tunisia,1985,43.4
TUN,Tunisia,1990,40.2
TUN,Tunisia,1995,41.7
TUN,Tunisia,2000,40.8
TUN,Tunisia,2005,37.7
TUN,Tunisia,2010,35.8
TUN,Tunisia,2015,32.8
TUR,Turkiye,1987,43.5
TUR,Turkiye,1994,41.3
TUR,Turkiye,2002,41.4
TUR,Turkiye,2003,42.2
TUR,Turkiye,2004,41.3
TUR,Turkiye,2005,42.6
TUR,Turkiye,2006,39.6
TUR,Turkiye,2007,38.4
TUR,Turkiye,2008,39.0
TUR,Turkiye,2009,39.0
TUR,Turkiye,2010,38.8
TUR,Turkiye,2011,40.0
TUR,Turkiye,2012,40.2
TUR,Turkiye,2013,40.2
TUR,Turkiye,2014,41.2
TUR,Turkiye,2015,42.9
TUR,Turkiye,2016,41.9
TUR,Turkiye,2017,41.4
TUR,Turkiye,2018,41.9
TUR,Turkiye,2019,41.9
TUV,Tuvalu,2010,39.1
TZA,Tanzania,1991,35.3
TZA,Tanzania,2000,37.3
TZA,Tanzania,2007,40.3
TZA,Tanzania,2011,37.8
TZA,Tanzania,2017,40.5
TZA,Tanzania,2018,40.5
UGA,Uganda,1989,44.4
UGA,Uganda,1992,41.4
UGA,Uganda,1996,39.0
UGA,Uganda,1999,43.0
UGA,Uganda,2002,45.2
UGA,Uganda,2005,42.9
UGA,Uganda,2009,44.2
UGA,Uganda,2012,41.0
UGA,Uganda,2016,42.8
UGA,Uganda,2019,42.7
UKR,Ukraine,1992,29.7
UKR,Ukraine,1993,28.9
UKR,Ukraine,1995,39.3
UKR,Ukraine,1996,35.2
UKR,Ukraine,2002,29.0
UKR,Ukraine,2003,28.7
UKR,Ukraine,2004,28.9
UKR,Ukraine,2005,29.0
UKR,Ukraine,2006,29.8
UKR,Ukraine,2007,27.0
UKR,Ukraine,2008,26.6
UKR,Ukraine,2009,25.3
UKR,Ukraine,2010,24.8
UKR,Ukraine,2011,24.6
UKR,Ukraine,2012,24.7
UKR,Ukraine,2013,24.6
UKR,Ukraine,2014,24.0
UKR,Ukraine,2015,25.5
UKR,Ukraine,2016,25.0
UKR,Ukraine,2017,26.0
UKR,Ukraine,2018,26.1
UKR,Ukraine,2019,26.6
UKR,Ukraine,2020,25.6
URY,Uruguay,1992,41.5
URY,Uruguay,1995,40.9
URY,Uruguay,1996,40.8
URY,Uruguay,1997,41.5
URY,Uruguay,1998,42.5
URY,Uruguay,2000,42.9
URY,Uruguay,2001,45.0
URY,Uruguay,2002,45.5
URY,Uruguay,2003,45.0
URY,Uruguay,2004,45.9
URY,Uruguay,2005,44.7
URY,Uruguay,2006,45.9
URY,Uruguay,2007,46.4
URY,Uruguay,2008,45.1
URY,Uruguay,2009,45.5
URY,Uruguay,2010,44.5
URY,Uruguay,2011,42.2
URY,Uruguay,2012,39.9
URY,Uruguay,2013,40.5
URY,Uruguay,2014,40.1
URY,Uruguay,2015,40.1
URY,Uruguay,2016,39.7
URY,Uruguay,2017,39.5
URY,Uruguay,2018,39.7
URY,Uruguay,2019,39.7
URY,Uruguay,2020,40.2
USA,United States,1974,35.3
USA,United States,1979,34.5
USA,United States,1986,37.4
USA,United States,1991,38.0
USA,United States,1992,38.4
USA,United States,1993,40.4
USA,United States,1994,40.0
USA,United States,1995,39.9
USA,United States,1996,40.3
USA,United States,1997,40.5
USA,United States,1998,40.0
USA,United States,1999,40.0
USA,United States,2000,40.1
USA,United States,2001,40.6
USA,United States,2002,40.4
USA,United States,2003,40.8
USA,United States,2004,40.3
USA,United States,2005,41.0
USA,United States,2006,41.4
USA,United States,2007,40.8
USA,United States,2008,40.8
USA,United States,2009,40.6
USA,United States,2010,40.0
USA,United States,2011,40.9
USA,United States,2012,40.9
USA,United States,2013,40.7
USA,United States,2014,41.5
USA,United States,2015,41.2
USA,United States,2016,41.1
USA,United States,2017,41.2
USA,United States,2018,41.4
USA,United States,2019,41.5
UZB,Uzbekistan,1998,44.7
UZB,Uzbekistan,2000,36.1
UZB,Uzbekistan,2002,33.0
UZB,Uzbekistan,2003,35.3
VEN,"Venezuela, RB",1981,55.6
VEN,"Venezuela, RB",1987,53.4
VEN,"Venezuela, RB",1989,43.8
VEN,"Venezuela, RB",1992,42.1
VEN,"Venezuela, RB",1995,47.2
VEN,"Venezuela, RB",1998,48.1
VEN,"Venezuela, RB",1999,47.8
VEN,"Venezuela, RB",2001,47.2
VEN,"Venezuela, RB",2002,49.0
VEN,"Venezuela, RB",2003,48.1
VEN,"Venezuela, RB",2004,47.5
VEN,"Venezuela, RB",2005,49.5
VEN,"Venezuela, RB",2006,44.8
VNM,Vietnam,1992,35.7
VNM,Vietnam,1997,35.4
VNM,Vietnam,1998,35.4
VNM,Vietnam,2002,37.0
VNM,Vietnam,2004,36.8
VNM,Vietnam,2006,35.8
VNM,Vietnam,2008,35.6
VNM,Vietnam,2010,39.3
VNM,Vietnam,2012,35.6
VNM,Vietnam,2014,34.8
VNM,Vietnam,2016,35.3
VNM,Vietnam,2018,35.7
VUT,Vanuatu,2010,37.4
VUT,Vanuatu,2019,32.3
WSM,Samoa,2002,40.7
WSM,Samoa,2008,42.0
WSM,Samoa,2013,38.7
XKX,Kosovo,2003,29.0
XKX,Kosovo,2005,31.2
XKX,Kosovo,2006,30.3
XKX,Kosovo,2009,31.8
XKX,Kosovo,2010,33.3
XKX,Kosovo,2011,27.8
XKX,Kosovo,2012,29.0
XKX,Kosovo,2013,26.3
XKX,Kosovo,2014,27.3
XKX,Kosovo,2015,26.5
XKX,Kosovo,2016,26.7
XKX,Kosovo,2017,29.0
YEM,"Yemen, Rep.",1998,35.0
YEM,"Yemen, Rep.",2005,34.7
YEM,"Yemen, Rep.",2014,36.7
ZAF,South Africa,1993,59.3
ZAF,South Africa,1996,60.7
ZAF,South Africa,2000,57.8
ZAF,South Africa,2005,64.8
ZAF,South Africa,2008,63.0
ZAF,South Africa,2010,63.4
ZAF,South Africa,2014,63.0
ZMB,Zambia,1991,60.5
ZMB,Zambia,1993,52.6
ZMB,Zambia,1996,48.3
ZMB,Zambia,1998,49.1
ZMB,Zambia,2002,42.1
ZMB,Zambia,2004,54.3
ZMB,Zambia,2006,54.6
ZMB,Zambia,2010,55.6
ZMB,Zambia,2015,57.1
ZWE,Zimbabwe,2011,43.2
ZWE,Zimbabwe,2017,44.3
ZWE,Zimbabwe,2019,50.3
